01051003,{"en":"Notch","fr":"Cranté"}
01051004,{"en":"Notch","fr":"Cranté"}
01051053,{"en":"Notch","fr":"Cranté"}
01051094,{"en":"Notch","fr":"Cranté"}
01051100,{"en":"Notch","fr":"Cranté"}
01051117,{"en":"Notch","fr":"Cranté"}
01057502,{"en":"Notch","fr":"Cranté"}
01058518,{"en":"Notch","fr":"Cranté"}
01058519,{"en":"Notch","fr":"Cranté"}
01080489,{"en":"Notch","fr":"Cranté"}
01080490,{"en":"Notch","fr":"Cranté"}
01080507,{"en":"Notch","fr":"Cranté"}
01080509,{"en":"Notch","fr":"Cranté"}
01080511,{"en":"Notch","fr":"Cranté"}
01080512,{"en":"Notch","fr":"Cranté"}
01080519,{"en":"Notch","fr":"Cranté"}
01080528,{"en":"Notch","fr":"Cranté"}
01080590,{"en":"Notch","fr":"Cranté"}
01080592,{"en":"Notch","fr":"Cranté"}
01080600,{"en":"Notch","fr":"Cranté"}
01087501,{"en":"Notch","fr":"Cranté"}
01117500,{"en":"Notch","fr":"Cranté"}
02051007,{"en":"Notch","fr":"Cranté"}
02051011,{"en":"Notch","fr":"Cranté"}
02051012,{"en":"Notch","fr":"Cranté"}
02051016,{"en":"Notch","fr":"Cranté"}
02051019,{"en":"Notch","fr":"Cranté"}
02051020,{"en":"Notch","fr":"Cranté"}
02051068,{"en":"Notch","fr":"Cranté"}
02058550,{"en":"Notch","fr":"Cranté"}
02058551,{"en":"Notch","fr":"Cranté"}
02058552,{"en":"Notch","fr":"Cranté"}
02058553,{"en":"Notch","fr":"Cranté"}
02068503,{"en":"Notch","fr":"Cranté"}
02080611,{"en":"Notch","fr":"Cranté"}
02080622,{"en":"Notch","fr":"Cranté"}
02080624,{"en":"Notch","fr":"Cranté"}
02080627,{"en":"Notch","fr":"Cranté"}
02080628,{"en":"Notch","fr":"Cranté"}
02080631,{"en":"Notch","fr":"Cranté"}
02080632,{"en":"Notch","fr":"Cranté"}
02080634,{"en":"Notch","fr":"Cranté"}
02080635,{"en":"Notch","fr":"Cranté"}
02080639,{"en":"Notch","fr":"Cranté"}
02080642,{"en":"Notch","fr":"Cranté"}
02083001,{"en":"Notch","fr":"Cranté"}
02083008,{"en":"Notch","fr":"Cranté"}
02570152,{"en":"Notch","fr":"Cranté"}
02570156,{"en":"Notch","fr":"Cranté"}
02570157,{"en":"Notch","fr":"Cranté"}
02570158,{"en":"Notch","fr":"Cranté"}
02573001,{"en":"Notch","fr":"Cranté"}
04050018,{"en":"Notch","fr":"Cranté"}
04050019,{"en":"Notch","fr":"Cranté"}
04050020,{"en":"Notch","fr":"Cranté"}
04050022,{"en":"Notch","fr":"Cranté"}
04050027,{"en":"Notch","fr":"Cranté"}
04050028,{"en":"Notch","fr":"Cranté"}
04080021,{"en":"Notch","fr":"Cranté"}
04080022,{"en":"Notch","fr":"Cranté"}
04570024,{"en":"Notch","fr":"Cranté"}
05056002,{"en":"Notch","fr":"Cranté"}
05056014,{"en":"Notch","fr":"Cranté"}
05056104,{"en":"Notch","fr":"Cranté"}
05058504,{"en":"Notch","fr":"Cranté"}
05060024,{"en":"Notch","fr":"Cranté"}
05081092,{"en":"Notch","fr":"Cranté"}
05081132,{"en":"Notch","fr":"Cranté"}
05081154,{"en":"Notch","fr":"Cranté"}
05081155,{"en":"Notch","fr":"Cranté"}
05081156,{"en":"Notch","fr":"Cranté"}
05081158,{"en":"Notch","fr":"Cranté"}
05081160,{"en":"Notch","fr":"Cranté"}
05081162,{"en":"Notch","fr":"Cranté"}
05081163,{"en":"Notch","fr":"Cranté"}
05081165,{"en":"Notch","fr":"Cranté"}
05570338,{"en":"Notch","fr":"Cranté"}
05570339,{"en":"Notch","fr":"Cranté"}
05570341,{"en":"Notch","fr":"Cranté"}
10050384,{"en":"Notch","fr":"Cranté"}
10050388,{"en":"Notch","fr":"Cranté"}
10050404,{"en":"Notch","fr":"Cranté"}
10080345,{"en":"Notch","fr":"Cranté"}
10080346,{"en":"Notch","fr":"Cranté"}
10080348,{"en":"Notch","fr":"Cranté"}
20001055,{"en":"Notch","fr":"Cranté"}
20001056,{"en":"Notch","fr":"Cranté"}
20001108,{"en":"Notch","fr":"Cranté"}
20001277,{"en":"Notch","fr":"Cranté"}
20001278,{"en":"Notch","fr":"Cranté"}
20001457,{"en":null,"fr":null}
20001458,{"en":"Notch","fr":"Cranté"}
20001627,{"en":"Notch","fr":"Cranté"}
20001628,{"en":"Notch","fr":"Cranté"}
20001629,{"en":"Notch","fr":"Cranté"}
20001658,{"en":"Notch","fr":"Cranté"}
20061254404,{"en":"Notch","fr":"Cranté"}
20061254182,{"en":"Notch","fr":"Cranté"}
20061254400,{"en":"Notch","fr":"Cranté"}
20061254158,{"en":"Notch","fr":"Cranté"}
20002648,{"en":"Notch","fr":"Cranté"}
20002802,{"en":"Notch","fr":"Cranté"}
20002806,{"en":"Notch","fr":"Cranté"}
20002811,{"en":"Notch","fr":"Cranté"}
20002819,{"en":"Notch","fr":"Cranté"}
20002829,{"en":"Notch","fr":"Cranté"}
20002832,{"en":"Notch","fr":"Cranté"}
20003079,{"en":"Notch","fr":"Cranté"}
20003131,{"en":"Notch","fr":"Cranté"}
20003134,{"en":"Notch","fr":"Cranté"}
20004075,{"en":"Notch","fr":"Cranté"}
20004154,{"en":"Notch","fr":"Cranté"}
20004681,{"en":"Notch","fr":"Cranté"}
20004802,{"en":"Notch","fr":"Cranté"}
20004829,{"en":"Notch","fr":"Cranté"}
20005237,{"en":"Notch","fr":"Cranté"}
20005246,{"en":"Notch","fr":"Cranté"}
20005251,{"en":"Notch","fr":"Cranté"}
20005780,{"en":"Notch","fr":"Cranté"}
20005781,{"en":"Notch","fr":"Cranté"}
20005783,{"en":"Notch","fr":"Cranté"}
20005784,{"en":"Notch","fr":"Cranté"}
20005785,{"en":"Notch","fr":"Cranté"}
20005787,{"en":"Notch","fr":"Cranté"}
20005790,{"en":"Notch","fr":"Cranté"}
20005793,{"en":"Notch","fr":"Cranté"}
20005794,{"en":"Notch","fr":"Cranté"}
20005795,{"en":"Notch","fr":"Cranté"}
20005796,{"en":"Notch","fr":"Cranté"}
20006117,{"en":"Notch","fr":"Cranté"}
20006124,{"en":"Notch","fr":"Cranté"}
20006507,{"en":"Notch","fr":"Cranté"}
20006521,{"en":"Notch","fr":"Cranté"}
20007501,{"en":"Notch","fr":"Cranté"}
20007522,{"en":"Notch","fr":"Cranté"}
20007543,{"en":"Notch","fr":"Cranté"}
20007544,{"en":"Notch","fr":"Cranté"}
20007608,{"en":"Notch","fr":"Cranté"}
20007613,{"en":"Notch","fr":"Cranté"}
20007615,{"en":"Notch","fr":"Cranté"}
20007628,{"en":"Notch","fr":"Cranté"}
20007630,{"en":"Notch","fr":"Cranté"}
20007816,{"en":"Notch","fr":"Cranté"}
20007817,{"en":"Notch","fr":"Cranté"}
20007847,{"en":"Notch","fr":"Cranté"}
20007848,{"en":"Notch","fr":"Cranté"}
20007857,{"en":"Notch","fr":"Cranté"}
20007918,{"en":"Notch","fr":"Cranté"}
20008274,{"en":"Notch","fr":"Cranté"}
20008446,{"en":null,"fr":null}
20008448,{"en":"Notch","fr":"Cranté"}
20008778,{"en":"Notch","fr":"Cranté"}
20008781,{"en":null,"fr":null}
20008782,{"en":"Notch","fr":"Cranté"}
20008784,{"en":"Notch","fr":"Cranté"}
20008786,{"en":"Notch","fr":"Cranté"}
20008788,{"en":"Notch","fr":"Cranté"}
20008789,{"en":"Notch","fr":"Cranté"}
20008790,{"en":"Notch","fr":"Cranté"}
20008791,{"en":null,"fr":null}
20008828,{"en":"Notch","fr":"Cranté"}
20008829,{"en":"Notch","fr":"Cranté"}
20008830,{"en":"Notch","fr":"Cranté"}
20008831,{"en":"Notch","fr":"Cranté"}
20008833,{"en":"Notch","fr":"Cranté"}
20008835,{"en":"Notch","fr":"Cranté"}
20008836,{"en":"Notch","fr":"Cranté"}
20008838,{"en":"Notch","fr":"Cranté"}
20008840,{"en":"Notch","fr":"Cranté"}
20008843,{"en":"Notch","fr":"Cranté"}
20008845,{"en":"Notch","fr":"Cranté"}
20008846,{"en":"Notch","fr":"Cranté"}
20008848,{"en":"Notch","fr":"Cranté"}
20008849,{"en":"Notch","fr":"Cranté"}
20008850,{"en":"Notch","fr":"Cranté"}
20008853,{"en":"Notch","fr":"Cranté"}
20008855,{"en":"Notch","fr":"Cranté"}
20008956,{"en":"Notch","fr":"Cranté"}
20009102,{"en":"Notch","fr":"Cranté"}
20009304,{"en":"Notch","fr":"Cranté"}
20009574,{"en":"Notch","fr":"Cranté"}
20009575,{"en":"Notch","fr":"Cranté"}
20009577,{"en":"Notch","fr":"Cranté"}
20009661,{"en":"Notch","fr":"Cranté"}
2000971675,{"en":"Notch","fr":"Cranté"}
2000971674,{"en":"Notch","fr":"Cranté"}
2000971647,{"en":"Notch","fr":"Cranté"}
2000971617,{"en":"Notch","fr":"Cranté"}
2000971640,{"en":"Notch","fr":"Cranté"}
2000971615,{"en":"Notch","fr":"Cranté"}
2000971874,{"en":"Notch","fr":"Cranté"}
2000971847,{"en":"Notch","fr":"Cranté"}
2000971875,{"en":"Notch","fr":"Cranté"}
2000971840,{"en":"Notch","fr":"Cranté"}
2000971915,{"en":"Notch","fr":"Cranté"}
2000971975,{"en":"Notch","fr":"Cranté"}
2000971947,{"en":"Notch","fr":"Cranté"}
2000971917,{"en":"Notch","fr":"Cranté"}
2000971940,{"en":"Notch","fr":"Cranté"}
20009807,{"en":"Notch","fr":"Cranté"}
20009808,{"en":"Notch","fr":"Cranté"}
20009810,{"en":"Notch","fr":"Cranté"}
20009812,{"en":"Notch","fr":"Cranté"}
20009813,{"en":"Notch","fr":"Cranté"}
20009814,{"en":"Notch","fr":"Cranté"}
20009815,{"en":"Notch","fr":"Cranté"}
20009816,{"en":"Notch","fr":"Cranté"}
20009885,{"en":"Notch","fr":"Cranté"}
20009905,{"en":"Notch","fr":"Cranté"}
20009927,{"en":"Notch","fr":"Cranté"}
20009931,{"en":"Notch","fr":"Cranté"}
20009932,{"en":"Notch","fr":"Cranté"}
20009933,{"en":"Notch","fr":"Cranté"}
2001026955,{"en":"Notch","fr":"Cranté"}
2001026947,{"en":"Notch","fr":"Cranté"}
2001028040,{"en":"Notch","fr":"Cranté"}
2001028047,{"en":"Notch","fr":"Cranté"}
20010282,{"en":"Notch","fr":"Cranté"}
20010580,{"en":"Notch","fr":"Cranté"}
20010583,{"en":"Notch","fr":"Cranté"}
20010584,{"en":"Notch","fr":"Cranté"}
20010585,{"en":"Notch","fr":"Cranté"}
20010586,{"en":"Notch","fr":"Cranté"}
20010658,{"en":"Notch","fr":"Cranté"}
2001117317,{"en":"Notch","fr":"Cranté"}
2001117374,{"en":"Notch","fr":"Cranté"}
2001117347,{"en":"Notch","fr":"Cranté"}
2001117375,{"en":"Notch","fr":"Cranté"}
2001117390,{"en":"Notch","fr":"Cranté"}
2001117315,{"en":"Notch","fr":"Cranté"}
2001117340,{"en":"Notch","fr":"Cranté"}
20011474,{"en":"Notch","fr":"Cranté"}
20011475,{"en":"Notch","fr":"Cranté"}
20011476,{"en":"Notch","fr":"Cranté"}
20011479,{"en":"Notch","fr":"Cranté"}
20011481,{"en":"Notch","fr":"Cranté"}
20011484,{"en":"Notch","fr":"Cranté"}
20011487,{"en":"Notch","fr":"Cranté"}
20011488,{"en":"Notch","fr":"Cranté"}
20011489,{"en":"Notch","fr":"Cranté"}
20011558,{"en":"Notch","fr":"Cranté"}
20011565,{"en":"Notch","fr":"Cranté"}
20011583,{"en":"Notch","fr":"Cranté"}
20011585,{"en":"Notch","fr":"Cranté"}
20011588,{"en":"Notch","fr":"Cranté"}
20011589,{"en":"Notch","fr":"Cranté"}
20011593,{"en":"Notch","fr":"Cranté"}
20011602,{"en":"Notch","fr":"Cranté"}
20011608,{"en":"Notch","fr":"Cranté"}
20011814,{"en":"Notch","fr":"Cranté"}
20012360,{"en":"Notch","fr":"Cranté"}
20012362,{"en":"Notch","fr":"Cranté"}
20013952,{"en":"Notch","fr":"Cranté"}
20014523,{"en":"Notch","fr":"Cranté"}
20014532,{"en":"Notch","fr":"Cranté"}
20014559,{"en":"Notch","fr":"Cranté"}
20014709,{"en":"Notch","fr":"Cranté"}
20014710,{"en":"Notch","fr":"Cranté"}
20014711,{"en":"Notch","fr":"Cranté"}
20014712,{"en":"Notch","fr":"Cranté"}
20014713,{"en":"Notch","fr":"Cranté"}
20014716,{"en":"Notch","fr":"Cranté"}
20014717,{"en":"Notch","fr":"Cranté"}
20014718,{"en":"Notch","fr":"Cranté"}
20014719,{"en":"Notch","fr":"Cranté"}
20014720,{"en":"Notch","fr":"Cranté"}
20014721,{"en":"Notch","fr":"Cranté"}
20014722,{"en":"Notch","fr":"Cranté"}
20014725,{"en":"Notch","fr":"Cranté"}
20014967,{"en":"Notch","fr":"Cranté"}
20014972,{"en":"Notch","fr":"Cranté"}
20014992,{"en":"Notch","fr":"Cranté"}
20015097,{"en":"Notch","fr":"Cranté"}
20015474,{"en":"Notch","fr":"Cranté"}
20016246,{"en":"Notch","fr":"Cranté"}
20016247,{"en":"Notch","fr":"Cranté"}
20016248,{"en":"Notch","fr":"Cranté"}
20016249,{"en":"Notch","fr":"Cranté"}
20016250,{"en":"Notch","fr":"Cranté"}
20016251,{"en":"Notch","fr":"Cranté"}
20016252,{"en":"Notch","fr":"Cranté"}
20016253,{"en":"Notch","fr":"Cranté"}
20016254,{"en":"Notch","fr":"Cranté"}
20016255,{"en":"Notch","fr":"Cranté"}
20016256,{"en":"Notch","fr":"Cranté"}
20016257,{"en":"Notch","fr":"Cranté"}
20016258,{"en":"Notch","fr":"Cranté"}
20016259,{"en":"Notch","fr":"Cranté"}
20016260,{"en":"Notch","fr":"Cranté"}
20016262,{"en":"Notch","fr":"Cranté"}
20016263,{"en":"Notch","fr":"Cranté"}
20016264,{"en":"Notch","fr":"Cranté"}
20016272,{"en":"Notch","fr":"Cranté"}
20016273,{"en":"Notch","fr":"Cranté"}
20016274,{"en":"Notch","fr":"Cranté"}
20016275,{"en":"Notch","fr":"Cranté"}
20016276,{"en":"Notch","fr":"Cranté"}
20016277,{"en":"Notch","fr":"Cranté"}
20016278,{"en":"Notch","fr":"Cranté"}
20016279,{"en":"Notch","fr":"Cranté"}
20016280,{"en":"Notch","fr":"Cranté"}
20016282,{"en":"Notch","fr":"Cranté"}
20016285,{"en":"Notch","fr":"Cranté"}
20016289,{"en":"Notch","fr":"Cranté"}
20016290,{"en":"Notch","fr":"Cranté"}
20016291,{"en":"Notch","fr":"Cranté"}
20016292,{"en":"Notch","fr":"Cranté"}
20016293,{"en":"Notch","fr":"Cranté"}
20016294,{"en":"Notch","fr":"Cranté"}
20016295,{"en":"Notch","fr":"Cranté"}
20016395,{"en":"Notch","fr":"Cranté"}
20016566,{"en":"Notch","fr":"Cranté"}
20016572,{"en":"Notch","fr":"Cranté"}
20016574,{"en":"Notch","fr":"Cranté"}
20016581,{"en":"Notch","fr":"Cranté"}
20016585,{"en":"Notch","fr":"Cranté"}
20016587,{"en":"Notch","fr":"Cranté"}
20016590,{"en":"Notch","fr":"Cranté"}
20016592,{"en":"Notch","fr":"Cranté"}
20016724,{"en":"Notch","fr":"Cranté"}
20017558,{"en":"Notch","fr":"Cranté"}
20017574,{"en":"Notch","fr":"Cranté"}
20017575,{"en":"Notch","fr":"Cranté"}
20017576,{"en":"Notch","fr":"Cranté"}
2001808417,{"en":"Notch","fr":"Cranté"}
2001808440,{"en":"Notch","fr":"Cranté"}
20018201,{"en":"Notch","fr":"Cranté"}
20018205,{"en":"Notch","fr":"Cranté"}
20018209,{"en":"Notch","fr":"Cranté"}
20018362,{"en":"Notch","fr":"Cranté"}
20018462,{"en":"Notch","fr":"Cranté"}
20018463,{"en":"Notch","fr":"Cranté"}
20018474,{"en":"Notch","fr":"Cranté"}
20018475,{"en":"Notch","fr":"Cranté"}
20018477,{"en":"Notch","fr":"Cranté"}
20018479,{"en":"Notch","fr":"Cranté"}
20018480,{"en":"Notch","fr":"Cranté"}
2001848115,{"en":"Notch","fr":"Cranté"}
2001848161,{"en":"Notch","fr":"Cranté"}
20018482,{"en":"Notch","fr":"Cranté"}
20018483,{"en":"Notch","fr":"Cranté"}
20018484,{"en":"Notch","fr":"Cranté"}
20018486,{"en":"Notch","fr":"Cranté"}
20018487,{"en":"Notch","fr":"Cranté"}
20018497,{"en":"Notch","fr":"Cranté"}
20018500,{"en":"Notch","fr":"Cranté"}
20018501,{"en":"Notch","fr":"Cranté"}
20018502,{"en":"Notch","fr":"Cranté"}
20018503,{"en":"Notch","fr":"Cranté"}
20018504,{"en":"Notch","fr":"Cranté"}
20018505,{"en":"Notch","fr":"Cranté"}
20018506,{"en":"Notch","fr":"Cranté"}
20018508,{"en":"Notch","fr":"Cranté"}
20018537,{"en":"Notch","fr":"Cranté"}
20018540,{"en":"Notch","fr":"Cranté"}
2001854161,{"en":"Notch","fr":"Cranté"}
2001854115,{"en":"Notch","fr":"Cranté"}
20018543,{"en":"Notch","fr":"Cranté"}
20018544,{"en":"Notch","fr":"Cranté"}
20018548,{"en":"Notch","fr":"Cranté"}
20018854,{"en":"Notch","fr":"Cranté"}
20019032,{"en":"Notch","fr":"Cranté"}
20019034,{"en":"Notch","fr":"Cranté"}
20019235,{"en":"Notch","fr":"Cranté"}
20019236,{"en":"Notch","fr":"Cranté"}
20019876,{"en":"Notch","fr":"Cranté"}
20019877,{"en":"Notch","fr":"Cranté"}
20019933,{"en":"Notch","fr":"Cranté"}
20019934,{"en":"Notch","fr":"Cranté"}
20019942,{"en":"Notch","fr":"Cranté"}
20019996,{"en":"Notch","fr":"Cranté"}
20020046,{"en":"Notch","fr":"Cranté"}
20020049,{"en":"Notch","fr":"Cranté"}
20020081,{"en":"Notch","fr":"Cranté"}
20020092,{"en":"Notch","fr":"Cranté"}
20020095,{"en":"Notch","fr":"Cranté"}
20020096,{"en":"Notch","fr":"Cranté"}
20020097,{"en":"Notch","fr":"Cranté"}
20020098,{"en":"Notch","fr":"Cranté"}
20020099,{"en":"Notch","fr":"Cranté"}
20020100,{"en":"Notch","fr":"Cranté"}
20020102,{"en":"Notch","fr":"Cranté"}
20020439,{"en":"Notch","fr":"Cranté"}
20020532,{"en":"Notch","fr":"Cranté"}
20020946,{"en":"Notch","fr":"Cranté"}
20020948,{"en":"Notch","fr":"Cranté"}
20020957,{"en":"Notch","fr":"Cranté"}
20020961,{"en":"Notch","fr":"Cranté"}
20021126,{"en":"Notch","fr":"Cranté"}
20021127,{"en":"Notch","fr":"Cranté"}
20021129,{"en":"Notch","fr":"Cranté"}
20021246,{"en":"Notch","fr":"Cranté"}
20021247,{"en":"Notch","fr":"Cranté"}
20021253,{"en":"Notch","fr":"Cranté"}
20021255,{"en":"Notch","fr":"Cranté"}
20021387,{"en":"Notch","fr":"Cranté"}
20021443,{"en":"Notch","fr":"Cranté"}
20021707,{"en":"Notch","fr":"Cranté"}
20022293,{"en":"Notch","fr":"Cranté"}
20022324,{"en":"Notch","fr":"Cranté"}
20022409,{"en":"Notch","fr":"Cranté"}
20022411,{"en":"Notch","fr":"Cranté"}
20022413,{"en":"Notch","fr":"Cranté"}
20022414,{"en":"Notch","fr":"Cranté"}
20022415,{"en":"Notch","fr":"Cranté"}
20022416,{"en":"Notch","fr":"Cranté"}
20022417,{"en":"Notch","fr":"Cranté"}
20022418,{"en":"Notch","fr":"Cranté"}
20022548,{"en":"Notch","fr":"Cranté"}
20022580,{"en":"Notch","fr":"Cranté"}
20022586,{"en":"Notch","fr":"Cranté"}
20022597,{"en":"Notch","fr":"Cranté"}
20022602,{"en":"Notch","fr":"Cranté"}
20022727,{"en":"Notch","fr":"Cranté"}
20022731,{"en":"Notch","fr":"Cranté"}
20022732,{"en":"Notch","fr":"Cranté"}
20022734,{"en":"Notch","fr":"Cranté"}
20022736,{"en":"Notch","fr":"Cranté"}
20022738,{"en":"Notch","fr":"Cranté"}
20022739,{"en":"Notch","fr":"Cranté"}
20022741,{"en":"Notch","fr":"Cranté"}
20022743,{"en":"Notch","fr":"Cranté"}
20022744,{"en":"Notch","fr":"Cranté"}
20022745,{"en":"Notch","fr":"Cranté"}
20022747,{"en":"Notch","fr":"Cranté"}
20022749,{"en":"Notch","fr":"Cranté"}
20022750,{"en":"Notch","fr":"Cranté"}
20022751,{"en":"Notch","fr":"Cranté"}
20022753,{"en":"Notch","fr":"Cranté"}
20022756,{"en":"Notch","fr":"Cranté"}
20022763,{"en":"Notch","fr":"Cranté"}
20022764,{"en":"Notch","fr":"Cranté"}
20022765,{"en":"Notch","fr":"Cranté"}
20022766,{"en":"Notch","fr":"Cranté"}
20022770,{"en":"Notch","fr":"Cranté"}
20022771,{"en":"Notch","fr":"Cranté"}
20022772,{"en":"Notch","fr":"Cranté"}
20023057,{"en":"Notch","fr":"Cranté"}
20023114,{"en":"Notch","fr":"Cranté"}
20023130,{"en":"Notch","fr":"Cranté"}
20023372,{"en":"Notch","fr":"Cranté"}
20023373,{"en":"Notch","fr":"Cranté"}
20023444,{"en":"Notch","fr":"Cranté"}
20023447,{"en":"Notch","fr":"Cranté"}
20023481,{"en":"Notch","fr":"Cranté"}
20023483,{"en":"Notch","fr":"Cranté"}
20023484,{"en":"Notch","fr":"Cranté"}
20023654,{"en":"Notch","fr":"Cranté"}
20023697,{"en":"Notch","fr":"Cranté"}
20023873,{"en":"Notch","fr":"Cranté"}
20023875,{"en":"Notch","fr":"Cranté"}
20023889,{"en":"Notch","fr":"Cranté"}
20024098,{"en":"Notch","fr":"Cranté"}
20024140,{"en":"Notch","fr":"Cranté"}
20024250,{"en":"Notch","fr":"Cranté"}
20024307,{"en":"Notch","fr":"Cranté"}
20024311,{"en":"Notch","fr":"Cranté"}
20024312,{"en":"Notch","fr":"Cranté"}
20024336,{"en":"Notch","fr":"Cranté"}
20024381,{"en":"Notch","fr":"Cranté"}
20024383,{"en":"Notch","fr":"Cranté"}
20024410,{"en":"Notch","fr":"Cranté"}
20024527,{"en":"Notch","fr":"Cranté"}
20024662,{"en":"Notch","fr":"Cranté"}
20024750,{"en":"Notch","fr":"Cranté"}
20024935,{"en":"Notch","fr":"Cranté"}
20024942,{"en":"Notch","fr":"Cranté"}
20024949,{"en":"Notch","fr":"Cranté"}
20024950,{"en":"Notch","fr":"Cranté"}
20024951,{"en":"Notch","fr":"Cranté"}
20024952,{"en":"Notch","fr":"Cranté"}
20024953,{"en":"Notch","fr":"Cranté"}
20024954,{"en":"Notch","fr":"Cranté"}
20024955,{"en":"Notch","fr":"Cranté"}
20024956,{"en":"Notch","fr":"Cranté"}
20024957,{"en":"Notch","fr":"Cranté"}
20025124,{"en":"Notch","fr":"Cranté"}
20025127,{"en":"Notch","fr":"Cranté"}
20025128,{"en":"Notch","fr":"Cranté"}
20025227,{"en":"Notch","fr":"Cranté"}
20025233,{"en":"Notch","fr":"Cranté"}
20025248,{"en":"Notch","fr":"Cranté"}
20025272,{"en":"Notch","fr":"Cranté"}
20025299,{"en":"Notch","fr":"Cranté"}
20025300,{"en":"Notch","fr":"Cranté"}
20025329,{"en":"Notch","fr":"Cranté"}
20025422,{"en":"Notch","fr":"Cranté"}
20025423,{"en":"Notch","fr":"Cranté"}
20025810,{"en":"Notch","fr":"Cranté"}
20025811,{"en":"Notch","fr":"Cranté"}
20025812,{"en":"Notch","fr":"Cranté"}
20025813,{"en":"Notch","fr":"Cranté"}
20025815,{"en":"Notch","fr":"Cranté"}
20025816,{"en":"Notch","fr":"Cranté"}
20026101,{"en":"Notch","fr":"Cranté"}
20026102,{"en":"Notch","fr":"Cranté"}
20026103,{"en":"Notch","fr":"Cranté"}
20026104,{"en":"Notch","fr":"Cranté"}
20026108,{"en":"Notch","fr":"Cranté"}
20026503,{"en":"Notch","fr":"Cranté"}
20026504,{"en":"Notch","fr":"Cranté"}
2002650615,{"en":"Notch","fr":"Cranté"}
2002650642,{"en":"Notch","fr":"Cranté"}
20026700,{"en":"Notch","fr":"Cranté"}
20026732,{"en":null,"fr":null}
20026823,{"en":"Notch","fr":"Cranté"}
20026824,{"en":"Notch","fr":"Cranté"}
20026865,{"en":"Notch","fr":"Cranté"}
20027318,{"en":"Notch","fr":"Cranté"}
20027319,{"en":"Notch","fr":"Cranté"}
20027321,{"en":"Notch","fr":"Cranté"}
20027342,{"en":"Notch","fr":"Cranté"}
20027343,{"en":"Notch","fr":"Cranté"}
20027344,{"en":"Notch","fr":"Cranté"}
20027435,{"en":"Notch","fr":"Cranté"}
20027441,{"en":"Notch","fr":"Cranté"}
20027445,{"en":"Notch","fr":"Cranté"}
20027656,{"en":"Notch","fr":"Cranté"}
20027657,{"en":null,"fr":null}
20027700,{"en":"Notch","fr":"Cranté"}
20027702,{"en":"Notch","fr":"Cranté"}
20027713,{"en":"Notch","fr":"Cranté"}
20027715,{"en":"Notch","fr":"Cranté"}
20027717,{"en":"Notch","fr":"Cranté"}
20027722,{"en":"Notch","fr":"Cranté"}
20027863,{"en":"Notch","fr":"Cranté"}
20027864,{"en":"Notch","fr":"Cranté"}
20027866,{"en":"Notch","fr":"Cranté"}
2002786742,{"en":"Notch","fr":"Cranté"}
2002786762,{"en":"Notch","fr":"Cranté"}
20027868,{"en":"Notch","fr":"Cranté"}
20027869,{"en":"Notch","fr":"Cranté"}
20027870,{"en":"Notch","fr":"Cranté"}
20028378,{"en":"Notch","fr":"Cranté"}
20028465,{"en":"Notch","fr":"Cranté"}
20028466,{"en":"Notch","fr":"Cranté"}
20028977,{"en":"Notch","fr":"Cranté"}
20028978,{"en":"Notch","fr":"Cranté"}
20028979,{"en":null,"fr":null}
20028980,{"en":"Notch","fr":"Cranté"}
20028981,{"en":"Notch","fr":"Cranté"}
20028982,{"en":"Notch","fr":"Cranté"}
20029001,{"en":"Notch","fr":"Cranté"}
20029002,{"en":"Notch","fr":"Cranté"}
20029003,{"en":"Notch","fr":"Cranté"}
20029004,{"en":"Notch","fr":"Cranté"}
20029031,{"en":"Notch","fr":"Cranté"}
20029056,{"en":"Notch","fr":"Cranté"}
20029575,{"en":null,"fr":null}
20029577,{"en":null,"fr":null}
20029976,{"en":"Notch","fr":"Cranté"}
20029982,{"en":"Notch","fr":"Cranté"}
20030008,{"en":"Notch","fr":"Cranté"}
20030024,{"en":"Notch","fr":"Cranté"}
20030123,{"en":"Notch","fr":"Cranté"}
20030126,{"en":"Notch","fr":"Cranté"}
20030441,{"en":"Notch","fr":"Cranté"}
20030474,{"en":"Notch","fr":"Cranté"}
20030487,{"en":"Notch","fr":"Cranté"}
20030568,{"en":"Notch","fr":"Cranté"}
20030611,{"en":null,"fr":null}
20030714,{"en":"Notch","fr":"Cranté"}
20030753,{"en":"Notch","fr":"Cranté"}
20030765,{"en":"Notch","fr":"Cranté"}
20031380,{"en":"Notch","fr":"Cranté"}
20031385,{"en":"Notch","fr":"Cranté"}
20031387,{"en":"Notch","fr":"Cranté"}
20031389,{"en":"Notch","fr":"Cranté"}
20031393,{"en":"Notch","fr":"Cranté"}
20031397,{"en":"Notch","fr":"Cranté"}
20031506,{"en":"Notch","fr":"Cranté"}
20031510,{"en":"Notch","fr":"Cranté"}
20031512,{"en":"Notch","fr":"Cranté"}
20031600,{"en":"Notch","fr":"Cranté"}
20031601,{"en":"Notch","fr":"Cranté"}
20031610,{"en":"Notch","fr":"Cranté"}
20031744,{"en":"Notch","fr":"Cranté"}
20031745,{"en":"Notch","fr":"Cranté"}
20031747,{"en":"Notch","fr":"Cranté"}
20031750,{"en":"Notch","fr":"Cranté"}
20031751,{"en":"Notch","fr":"Cranté"}
20031752,{"en":"Notch","fr":"Cranté"}
20031753,{"en":"Notch","fr":"Cranté"}
20031754,{"en":"Notch","fr":"Cranté"}
20031755,{"en":"Notch","fr":"Cranté"}
20031756,{"en":"Notch","fr":"Cranté"}
20031757,{"en":"Notch","fr":"Cranté"}
20032358,{"en":"Notch","fr":"Cranté"}
20032367,{"en":"Notch","fr":"Cranté"}
20032368,{"en":"Notch","fr":"Cranté"}
20032370,{"en":"Notch","fr":"Cranté"}
20032372,{"en":"Notch","fr":"Cranté"}
20032373,{"en":"Notch","fr":"Cranté"}
20032374,{"en":"Notch","fr":"Cranté"}
20032376,{"en":"Notch","fr":"Cranté"}
20032377,{"en":"Notch","fr":"Cranté"}
20032378,{"en":"Notch","fr":"Cranté"}
20032379,{"en":"Notch","fr":"Cranté"}
20032380,{"en":"Notch","fr":"Cranté"}
20032381,{"en":"Notch","fr":"Cranté"}
20032382,{"en":"Notch","fr":"Cranté"}
20032383,{"en":"Notch","fr":"Cranté"}
20032384,{"en":"Notch","fr":"Cranté"}
20032385,{"en":"Notch","fr":"Cranté"}
20032386,{"en":"Notch","fr":"Cranté"}
20032387,{"en":"Notch","fr":"Cranté"}
20032388,{"en":"Notch","fr":"Cranté"}
20032389,{"en":"Notch","fr":"Cranté"}
20032390,{"en":"Notch","fr":"Cranté"}
20032400,{"en":"Notch","fr":"Cranté"}
20032405,{"en":"Notch","fr":"Cranté"}
20032406,{"en":"Notch","fr":"Cranté"}
20032407,{"en":"Notch","fr":"Cranté"}
20032408,{"en":"Notch","fr":"Cranté"}
20032409,{"en":"Notch","fr":"Cranté"}
20032410,{"en":"Notch","fr":"Cranté"}
20032411,{"en":"Notch","fr":"Cranté"}
20032412,{"en":"Notch","fr":"Cranté"}
20032413,{"en":"Notch","fr":"Cranté"}
20032414,{"en":"Notch","fr":"Cranté"}
20032415,{"en":"Notch","fr":"Cranté"}
20032416,{"en":"Notch","fr":"Cranté"}
20032417,{"en":"Notch","fr":"Cranté"}
20032418,{"en":"Notch","fr":"Cranté"}
20032419,{"en":"Notch","fr":"Cranté"}
20032420,{"en":"Notch","fr":"Cranté"}
20032422,{"en":"Notch","fr":"Cranté"}
20032424,{"en":"Notch","fr":"Cranté"}
20032425,{"en":"Notch","fr":"Cranté"}
20032426,{"en":"Notch","fr":"Cranté"}
20032498,{"en":"Notch","fr":"Cranté"}
20032511,{"en":"Notch","fr":"Cranté"}
20032564,{"en":"Notch","fr":"Cranté"}
20032614,{"en":"Notch","fr":"Cranté"}
20032616,{"en":"Notch","fr":"Cranté"}
20032617,{"en":"Notch","fr":"Cranté"}
20032628,{"en":"Notch","fr":"Cranté"}
20032629,{"en":"Notch","fr":"Cranté"}
20032630,{"en":"Notch","fr":"Cranté"}
20032632,{"en":"Notch","fr":"Cranté"}
20032634,{"en":"Notch","fr":"Cranté"}
20032636,{"en":"Notch","fr":"Cranté"}
20032641,{"en":"Notch","fr":"Cranté"}
20032642,{"en":"Notch","fr":"Cranté"}
20032644,{"en":"Notch","fr":"Cranté"}
20032645,{"en":"Notch","fr":"Cranté"}
20032646,{"en":"Notch","fr":"Cranté"}
20032647,{"en":"Notch","fr":"Cranté"}
20032648,{"en":"Notch","fr":"Cranté"}
20032649,{"en":"Notch","fr":"Cranté"}
20032778,{"en":"Notch","fr":"Cranté"}
20032782,{"en":"Notch","fr":"Cranté"}
20032993,{"en":"Notch","fr":"Cranté"}
20032994,{"en":"Notch","fr":"Cranté"}
20033296,{"en":"Notch","fr":"Cranté"}
20033312,{"en":"Notch","fr":"Cranté"}
20033313,{"en":"Notch","fr":"Cranté"}
20033377,{"en":"Notch","fr":"Cranté"}
20033520,{"en":"Notch","fr":"Cranté"}
20033567,{"en":"Notch","fr":"Cranté"}
20033597,{"en":"Notch","fr":"Cranté"}
20033600,{"en":"Notch","fr":"Cranté"}
20033626,{"en":"Notch","fr":"Cranté"}
2003396848,{"en":"Notch","fr":"Cranté"}
2003396850,{"en":"Notch","fr":"Cranté"}
20033969,{"en":"Notch","fr":"Cranté"}
20034120,{"en":"Notch","fr":"Cranté"}
20034121,{"en":"Notch","fr":"Cranté"}
20034122,{"en":"Notch","fr":"Cranté"}
20034125,{"en":"Notch","fr":"Cranté"}
20034253,{"en":"Notch","fr":"Cranté"}
20034254,{"en":"Notch","fr":"Cranté"}
20034255,{"en":"Notch","fr":"Cranté"}
20034352,{"en":"Notch","fr":"Cranté"}
20034353,{"en":"Notch","fr":"Cranté"}
20034355,{"en":"Notch","fr":"Cranté"}
20034361,{"en":"Notch","fr":"Cranté"}
20034362,{"en":"Notch","fr":"Cranté"}
20034363,{"en":"Notch","fr":"Cranté"}
20034364,{"en":"Notch","fr":"Cranté"}
20034365,{"en":"Notch","fr":"Cranté"}
20034467,{"en":"Notch","fr":"Cranté"}
20034501,{"en":"Notch","fr":"Cranté"}
20034502,{"en":"Notch","fr":"Cranté"}
20034503,{"en":"Notch","fr":"Cranté"}
20034509,{"en":"Notch","fr":"Cranté"}
20034512,{"en":"Notch","fr":"Cranté"}
20034518,{"en":"Notch","fr":"Cranté"}
20034586,{"en":"Notch","fr":"Cranté"}
20034587,{"en":"Notch","fr":"Cranté"}
20034598,{"en":"Notch","fr":"Cranté"}
20034601,{"en":"Notch","fr":"Cranté"}
20034606,{"en":"Notch","fr":"Cranté"}
20034608,{"en":"Notch","fr":"Cranté"}
20034637,{"en":"Notch","fr":"Cranté"}
20034638,{"en":"Notch","fr":"Cranté"}
20034639,{"en":"Notch","fr":"Cranté"}
20034640,{"en":"Notch","fr":"Cranté"}
20034641,{"en":"Notch","fr":"Cranté"}
20034644,{"en":"Notch","fr":"Cranté"}
20034645,{"en":"Notch","fr":"Cranté"}
20034647,{"en":"Notch","fr":"Cranté"}
20034648,{"en":"Notch","fr":"Cranté"}
20034650,{"en":"Notch","fr":"Cranté"}
20034651,{"en":"Notch","fr":"Cranté"}
20034652,{"en":"Notch","fr":"Cranté"}
20034654,{"en":"Notch","fr":"Cranté"}
20034656,{"en":"Notch","fr":"Cranté"}
20034658,{"en":"Notch","fr":"Cranté"}
20034659,{"en":null,"fr":null}
20034660,{"en":"Notch","fr":"Cranté"}
20034661,{"en":"Notch","fr":"Cranté"}
20034717,{"en":"Notch","fr":"Cranté"}
20034718,{"en":"Notch","fr":"Cranté"}
20034719,{"en":"Notch","fr":"Cranté"}
20034720,{"en":"Notch","fr":"Cranté"}
20034721,{"en":"Notch","fr":"Cranté"}
20034817,{"en":"Notch","fr":"Cranté"}
20034871,{"en":"Notch","fr":"Cranté"}
20034925,{"en":"Notch","fr":"Cranté"}
20035087,{"en":"Notch","fr":"Cranté"}
20035090,{"en":"Notch","fr":"Cranté"}
20035091,{"en":"Notch","fr":"Cranté"}
20035092,{"en":"Notch","fr":"Cranté"}
20035120,{"en":null,"fr":null}
20035124,{"en":"Notch","fr":"Cranté"}
20035133,{"en":"Notch","fr":"Cranté"}
20035135,{"en":"Notch","fr":"Cranté"}
20035327,{"en":"Notch","fr":"Cranté"}
20035410,{"en":"Notch","fr":"Cranté"}
20035891,{"en":"Notch","fr":"Cranté"}
20035892,{"en":"Notch","fr":"Cranté"}
20036140,{"en":"Notch","fr":"Cranté"}
20036143,{"en":"Notch","fr":"Cranté"}
20036144,{"en":"Notch","fr":"Cranté"}
20036145,{"en":"Notch","fr":"Cranté"}
20036146,{"en":"Notch","fr":"Cranté"}
20036150,{"en":"Notch","fr":"Cranté"}
20036165,{"en":"Notch","fr":"Cranté"}
20036509,{"en":"Notch","fr":"Cranté"}
20036513,{"en":"Notch","fr":"Cranté"}
20036645,{"en":"Notch","fr":"Cranté"}
20036649,{"en":"Notch","fr":"Cranté"}
20036650,{"en":"Notch","fr":"Cranté"}
20036653,{"en":"Notch","fr":"Cranté"}
20036657,{"en":"Notch","fr":"Cranté"}
20036659,{"en":"Notch","fr":"Cranté"}
20036660,{"en":"Notch","fr":"Cranté"}
20036923,{"en":"Notch","fr":"Cranté"}
20036924,{"en":"Notch","fr":"Cranté"}
20036925,{"en":"Notch","fr":"Cranté"}
20036926,{"en":"Notch","fr":"Cranté"}
20036927,{"en":"Notch","fr":"Cranté"}
20036932,{"en":"Notch","fr":"Cranté"}
20036933,{"en":"Notch","fr":"Cranté"}
2003715840,{"en":"Notch","fr":"Cranté"}
2003715815,{"en":"Notch","fr":"Cranté"}
20037197,{"en":"Notch","fr":"Cranté"}
20037199,{"en":"Notch","fr":"Cranté"}
20037200,{"en":"Notch","fr":"Cranté"}
20037201,{"en":"Notch","fr":"Cranté"}
20037202,{"en":"Notch","fr":"Cranté"}
20037203,{"en":"Notch","fr":"Cranté"}
20037204,{"en":"Notch","fr":"Cranté"}
20037263,{"en":"Notch","fr":"Cranté"}
20037264,{"en":"Notch","fr":"Cranté"}
20037302,{"en":"Notch","fr":"Cranté"}
20037316,{"en":"Notch","fr":"Cranté"}
20037458,{"en":"Notch","fr":"Cranté"}
20037484,{"en":"Notch","fr":"Cranté"}
20037521,{"en":null,"fr":null}
20037522,{"en":"Notch","fr":"Cranté"}
20037523,{"en":"Notch","fr":"Cranté"}
20037552,{"en":"Notch","fr":"Cranté"}
20037553,{"en":"Notch","fr":"Cranté"}
20037554,{"en":"Notch","fr":"Cranté"}
20037555,{"en":"Notch","fr":"Cranté"}
20037556,{"en":"Notch","fr":"Cranté"}
20037557,{"en":"Notch","fr":"Cranté"}
20037558,{"en":"Notch","fr":"Cranté"}
20037559,{"en":"Notch","fr":"Cranté"}
20037560,{"en":"Notch","fr":"Cranté"}
20037562,{"en":"Notch","fr":"Cranté"}
20037628,{"en":"Notch","fr":"Cranté"}
20037629,{"en":"Notch","fr":"Cranté"}
20037768,{"en":null,"fr":null}
20037769,{"en":null,"fr":null}
20037771,{"en":null,"fr":null}
20037774,{"en":null,"fr":null}
20037776,{"en":null,"fr":null}
20037778,{"en":null,"fr":null}
20037780,{"en":null,"fr":null}
20037868,{"en":"Notch","fr":"Cranté"}
20037870,{"en":"Notch","fr":"Cranté"}
20037897,{"en":"Notch","fr":"Cranté"}
20037929,{"en":"Notch","fr":"Cranté"}
20037931,{"en":null,"fr":null}
20037932,{"en":null,"fr":null}
20037933,{"en":null,"fr":null}
20037935,{"en":null,"fr":null}
20037936,{"en":null,"fr":null}
20037938,{"en":"Notch","fr":"Cranté"}
20037939,{"en":null,"fr":null}
20037940,{"en":null,"fr":null}
20037941,{"en":null,"fr":null}
20037962,{"en":"Notch","fr":"Cranté"}
20037963,{"en":"Notch","fr":"Cranté"}
20037964,{"en":"Notch","fr":"Cranté"}
20037974,{"en":null,"fr":null}
20037975,{"en":"Notch","fr":"Cranté"}
20038010,{"en":"Notch","fr":"Cranté"}
20038013,{"en":"Notch","fr":"Cranté"}
20038019,{"en":"Notch","fr":"Cranté"}
20038020,{"en":"Notch","fr":"Cranté"}
20038023,{"en":"Notch","fr":"Cranté"}
20038026,{"en":"Notch","fr":"Cranté"}
20038225,{"en":null,"fr":null}
20038226,{"en":null,"fr":null}
20038388,{"en":"Notch","fr":"Cranté"}
20038390,{"en":"Notch","fr":"Cranté"}
20038736,{"en":"Notch","fr":"Cranté"}
20038841,{"en":"Notch","fr":"Cranté"}
20038858,{"en":null,"fr":null}
20038865,{"en":"Notch","fr":"Cranté"}
20038879,{"en":"Notch","fr":"Cranté"}
20038883,{"en":"Notch","fr":"Cranté"}
20038894,{"en":null,"fr":null}
20038896,{"en":"Notch","fr":"Cranté"}
20038916,{"en":"Notch","fr":"Cranté"}
20038972,{"en":"Notch","fr":"Cranté"}
20039104,{"en":"Notch","fr":"Cranté"}
20039110,{"en":"Notch","fr":"Cranté"}
20039116,{"en":"Notch","fr":"Cranté"}
20039127,{"en":"Notch","fr":"Cranté"}
20039130,{"en":"Notch","fr":"Cranté"}
20039254,{"en":null,"fr":null}
20039259,{"en":"Notch","fr":"Cranté"}
20039272,{"en":"Notch","fr":"Cranté"}
20039408,{"en":"Notch","fr":"Cranté"}
20039411,{"en":"Notch","fr":"Cranté"}
20039415,{"en":"Notch","fr":"Cranté"}
20039538,{"en":"Notch","fr":"Cranté"}
20040194,{"en":"Notch","fr":"Cranté"}
20040195,{"en":"Notch","fr":"Cranté"}
20040196,{"en":"Notch","fr":"Cranté"}
20040197,{"en":"Notch","fr":"Cranté"}
20040199,{"en":"Notch","fr":"Cranté"}
20040200,{"en":"Notch","fr":"Cranté"}
20040202,{"en":"Notch","fr":"Cranté"}
20040270,{"en":"Notch","fr":"Cranté"}
20040694,{"en":"Notch","fr":"Cranté"}
20040697,{"en":"Notch","fr":"Cranté"}
20040700,{"en":"Notch","fr":"Cranté"}
20040701,{"en":"Notch","fr":"Cranté"}
2004070448,{"en":"Notch","fr":"Cranté"}
2004070415,{"en":"Notch","fr":"Cranté"}
20040710,{"en":"Notch","fr":"Cranté"}
20040711,{"en":"Notch","fr":"Cranté"}
2004072261,{"en":"Notch","fr":"Cranté"}
2004072244,{"en":"Notch","fr":"Cranté"}
20040723,{"en":"Notch","fr":"Cranté"}
2004072460,{"en":"Notch","fr":"Cranté"}
2004072445,{"en":"Notch","fr":"Cranté"}
20040725,{"en":"Notch","fr":"Cranté"}
20040726,{"en":"Notch","fr":"Cranté"}
20040727,{"en":"Notch","fr":"Cranté"}
20040728,{"en":"Notch","fr":"Cranté"}
20040729,{"en":"Notch","fr":"Cranté"}
20040730,{"en":"Notch","fr":"Cranté"}
20040731,{"en":"Notch","fr":"Cranté"}
20040732,{"en":"Notch","fr":"Cranté"}
20040733,{"en":"Notch","fr":"Cranté"}
20040734,{"en":"Notch","fr":"Cranté"}
20040735,{"en":"Notch","fr":"Cranté"}
20040736,{"en":"Notch","fr":"Cranté"}
2004073745,{"en":"Notch","fr":"Cranté"}
2004073760,{"en":"Notch","fr":"Cranté"}
20040738,{"en":"Notch","fr":"Cranté"}
20040739,{"en":"Notch","fr":"Cranté"}
20040740,{"en":"Notch","fr":"Cranté"}
20040742,{"en":"Notch","fr":"Cranté"}
20040752,{"en":"Notch","fr":"Cranté"}
20040753,{"en":"Notch","fr":"Cranté"}
2004075415,{"en":"Notch","fr":"Cranté"}
2004075460,{"en":"Notch","fr":"Cranté"}
20040755,{"en":"Notch","fr":"Cranté"}
20040756,{"en":"Notch","fr":"Cranté"}
20040757,{"en":"Notch","fr":"Cranté"}
20040758,{"en":"Notch","fr":"Cranté"}
20040759,{"en":"Notch","fr":"Cranté"}
20040760,{"en":"Notch","fr":"Cranté"}
2004076115,{"en":"Notch","fr":"Cranté"}
2004076160,{"en":"Notch","fr":"Cranté"}
20040762,{"en":"Notch","fr":"Cranté"}
2004076541,{"en":"Notch","fr":"Cranté"}
2004076515,{"en":"Notch","fr":"Cranté"}
20040766,{"en":"Notch","fr":"Cranté"}
20040789,{"en":"Notch","fr":"Cranté"}
20040801,{"en":"Notch","fr":"Cranté"}
20040802,{"en":"Notch","fr":"Cranté"}
20040803,{"en":"Notch","fr":"Cranté"}
20040804,{"en":"Notch","fr":"Cranté"}
20040805,{"en":"Notch","fr":"Cranté"}
20040806,{"en":"Notch","fr":"Cranté"}
20040809,{"en":"Notch","fr":"Cranté"}
20040810,{"en":"Notch","fr":"Cranté"}
20040811,{"en":"Notch","fr":"Cranté"}
2004081215,{"en":"Notch","fr":"Cranté"}
2004081218,{"en":"Notch","fr":"Cranté"}
2004081240,{"en":"Notch","fr":"Cranté"}
2004081240,{"en":"Notch","fr":"Cranté"}
20040813,{"en":"Notch","fr":"Cranté"}
20040817,{"en":"Notch","fr":"Cranté"}
20040819,{"en":"Notch","fr":"Cranté"}
2004082040,{"en":"Notch","fr":"Cranté"}
2004082041,{"en":"Notch","fr":"Cranté"}
20040821,{"en":"Notch","fr":"Cranté"}
2004082215,{"en":"Notch","fr":"Cranté"}
2004082217,{"en":"Notch","fr":"Cranté"}
20040823,{"en":"Notch","fr":"Cranté"}
20040824,{"en":"Notch","fr":"Cranté"}
20041442,{"en":null,"fr":null}
20041443,{"en":"Notch","fr":"Cranté"}
20041444,{"en":null,"fr":null}
20041445,{"en":null,"fr":null}
20041446,{"en":"Notch","fr":"Cranté"}
20041447,{"en":"Notch","fr":"Cranté"}
20041448,{"en":null,"fr":null}
20041449,{"en":null,"fr":null}
20041477,{"en":"Notch","fr":"Cranté"}
20041478,{"en":"Notch","fr":"Cranté"}
20041479,{"en":"Notch","fr":"Cranté"}
20041482,{"en":"Notch","fr":"Cranté"}
20041494,{"en":"Notch","fr":"Cranté"}
20041495,{"en":"Notch","fr":"Cranté"}
20041507,{"en":null,"fr":null}
20041508,{"en":null,"fr":null}
20041509,{"en":null,"fr":null}
20061452073,{"en":"Notch","fr":"Cranté"}
20061453048,{"en":"Notch","fr":"Cranté"}
20061456073,{"en":"Notch","fr":"Cranté"}
20061463048,{"en":"Notch","fr":"Cranté"}
20061464075,{"en":"Notch","fr":"Cranté"}
20061059,{"en":"Notch","fr":"Cranté"}
20061060,{"en":"Notch","fr":"Cranté"}
20061061,{"en":"Notch","fr":"Cranté"}
20061064,{"en":"Notch","fr":"Cranté"}
20061067,{"en":"Notch","fr":"Cranté"}
20061069,{"en":"Notch","fr":"Cranté"}
20061818214,{"en":"Notch","fr":"Cranté"}
20061819414,{"en":"Notch","fr":"Cranté"}
20041655,{"en":"Notch","fr":"Cranté"}
20041778,{"en":"Notch","fr":"Cranté"}
20041779,{"en":"Notch","fr":"Cranté"}
20041780,{"en":"Notch","fr":"Cranté"}
2004178117,{"en":"Notch","fr":"Cranté"}
2004178148,{"en":"Notch","fr":"Cranté"}
20041782,{"en":"Notch","fr":"Cranté"}
20041783,{"en":"Notch","fr":"Cranté"}
20041784,{"en":"Notch","fr":"Cranté"}
20041785,{"en":"Notch","fr":"Cranté"}
20041787,{"en":"Notch","fr":"Cranté"}
20041795,{"en":"Notch","fr":"Cranté"}
20041796,{"en":"Notch","fr":"Cranté"}
2004179715,{"en":"Notch","fr":"Cranté"}
2004179741,{"en":"Notch","fr":"Cranté"}
20041798,{"en":"Notch","fr":"Cranté"}
20041799,{"en":"Notch","fr":"Cranté"}
20041800,{"en":"Notch","fr":"Cranté"}
20041801,{"en":"Notch","fr":"Cranté"}
20041802,{"en":"Notch","fr":"Cranté"}
20041805,{"en":"Notch","fr":"Cranté"}
20041818,{"en":"Notch","fr":"Cranté"}
20041823,{"en":"Notch","fr":"Cranté"}
20041826,{"en":"Notch","fr":"Cranté"}
20041841,{"en":"Notch","fr":"Cranté"}
20041842,{"en":"Notch","fr":"Cranté"}
20041844,{"en":"Notch","fr":"Cranté"}
20041865,{"en":"Notch","fr":"Cranté"}
20041866,{"en":"Notch","fr":"Cranté"}
20041869,{"en":"Notch","fr":"Cranté"}
20041965,{"en":"Notch","fr":"Cranté"}
20041967,{"en":"Notch","fr":"Cranté"}
20041969,{"en":"Notch","fr":"Cranté"}
20041970,{"en":"Notch","fr":"Cranté"}
20041971,{"en":"Notch","fr":"Cranté"}
20041972,{"en":"Notch","fr":"Cranté"}
20041973,{"en":"Notch","fr":"Cranté"}
20041974,{"en":"Notch","fr":"Cranté"}
20041975,{"en":"Notch","fr":"Cranté"}
20041976,{"en":"Notch","fr":"Cranté"}
20041978,{"en":"Notch","fr":"Cranté"}
20041979,{"en":"Notch","fr":"Cranté"}
20041980,{"en":"Notch","fr":"Cranté"}
20041981,{"en":"Notch","fr":"Cranté"}
20041982,{"en":"Notch","fr":"Cranté"}
20041984,{"en":"Notch","fr":"Cranté"}
20042002,{"en":"Notch","fr":"Cranté"}
20042091,{"en":"Notch","fr":"Cranté"}
20042207,{"en":"Notch","fr":"Cranté"}
20042208,{"en":"Notch","fr":"Cranté"}
20042209,{"en":"Notch","fr":"Cranté"}
20042210,{"en":"Notch","fr":"Cranté"}
20042211,{"en":"Notch","fr":"Cranté"}
20042212,{"en":"Notch","fr":"Cranté"}
20042213,{"en":"Notch","fr":"Cranté"}
20042215,{"en":"Notch","fr":"Cranté"}
20042216,{"en":"Notch","fr":"Cranté"}
20042217,{"en":"Notch","fr":"Cranté"}
20042649,{"en":"Notch","fr":"Cranté"}
20042650,{"en":"Notch","fr":"Cranté"}
20042651,{"en":"Notch","fr":"Cranté"}
20042652,{"en":"Notch","fr":"Cranté"}
20042653,{"en":"Notch","fr":"Cranté"}
20042676,{"en":"Notch","fr":"Cranté"}
20042692,{"en":"Notch","fr":"Cranté"}
20042693,{"en":"Notch","fr":"Cranté"}
20042694,{"en":"Notch","fr":"Cranté"}
20043058,{"en":"Notch","fr":"Cranté"}
20043263,{"en":"Notch","fr":"Cranté"}
20043264,{"en":"Notch","fr":"Cranté"}
20043274,{"en":"Notch","fr":"Cranté"}
20043380,{"en":"Notch","fr":"Cranté"}
20043389,{"en":"Notch","fr":"Cranté"}
20043391,{"en":"Notch","fr":"Cranté"}
20043421,{"en":"Notch","fr":"Cranté"}
20044237,{"en":"Notch","fr":"Cranté"}
20044238,{"en":"Notch","fr":"Cranté"}
20044691,{"en":"Notch","fr":"Cranté"}
20044692,{"en":"Notch","fr":"Cranté"}
20044695,{"en":"Notch","fr":"Cranté"}
20044696,{"en":"Notch","fr":"Cranté"}
20044697,{"en":"Notch","fr":"Cranté"}
20044698,{"en":"Notch","fr":"Cranté"}
20044699,{"en":"Notch","fr":"Cranté"}
20044700,{"en":"Notch","fr":"Cranté"}
20044701,{"en":"Notch","fr":"Cranté"}
20044703,{"en":"Notch","fr":"Cranté"}
20044705,{"en":"Notch","fr":"Cranté"}
20044706,{"en":"Notch","fr":"Cranté"}
20044707,{"en":"Notch","fr":"Cranté"}
20044708,{"en":"Notch","fr":"Cranté"}
20044709,{"en":"Notch","fr":"Cranté"}
20044711,{"en":"Notch","fr":"Cranté"}
20044712,{"en":"Notch","fr":"Cranté"}
20044713,{"en":"Notch","fr":"Cranté"}
20044714,{"en":"Notch","fr":"Cranté"}
20044715,{"en":"Notch","fr":"Cranté"}
20044716,{"en":"Notch","fr":"Cranté"}
20044717,{"en":"Notch","fr":"Cranté"}
20044718,{"en":"Notch","fr":"Cranté"}
20044719,{"en":"Notch","fr":"Cranté"}
20044720,{"en":"Notch","fr":"Cranté"}
20044721,{"en":"Notch","fr":"Cranté"}
20044730,{"en":"Notch","fr":"Cranté"}
20044732,{"en":"Notch","fr":"Cranté"}
20044746,{"en":"Notch","fr":"Cranté"}
20044747,{"en":"Notch","fr":"Cranté"}
20044748,{"en":"Notch","fr":"Cranté"}
20044749,{"en":"Notch","fr":"Cranté"}
20045254,{"en":"Notch","fr":"Cranté"}
20045255,{"en":"Notch","fr":"Cranté"}
20045686,{"en":"Notch","fr":"Cranté"}
20045852,{"en":"Notch","fr":"Cranté"}
20045853,{"en":"Notch","fr":"Cranté"}
20045854,{"en":"Notch","fr":"Cranté"}
20045856,{"en":null,"fr":null}
20045984,{"en":"Notch","fr":"Cranté"}
20045985,{"en":"Notch","fr":"Cranté"}
20045987,{"en":"Notch","fr":"Cranté"}
20045997,{"en":"Notch","fr":"Cranté"}
20045998,{"en":"Notch","fr":"Cranté"}
20046001,{"en":"Notch","fr":"Cranté"}
20046004,{"en":"Notch","fr":"Cranté"}
20046008,{"en":"Notch","fr":"Cranté"}
20046018,{"en":"Notch","fr":"Cranté"}
20046019,{"en":"Notch","fr":"Cranté"}
20046021,{"en":"Notch","fr":"Cranté"}
20046022,{"en":"Notch","fr":"Cranté"}
20046036,{"en":"Notch","fr":"Cranté"}
20046038,{"en":"Notch","fr":"Cranté"}
20046039,{"en":"Notch","fr":"Cranté"}
20046111,{"en":"Notch","fr":"Cranté"}
20046121,{"en":"Notch","fr":"Cranté"}
20046378,{"en":"Notch","fr":"Cranté"}
20046379,{"en":"Notch","fr":"Cranté"}
20046381,{"en":"Notch","fr":"Cranté"}
20046390,{"en":"Notch","fr":"Cranté"}
20046393,{"en":"Notch","fr":"Cranté"}
20046395,{"en":"Notch","fr":"Cranté"}
20046396,{"en":"Notch","fr":"Cranté"}
20046398,{"en":"Notch","fr":"Cranté"}
20046401,{"en":"Notch","fr":"Cranté"}
20046403,{"en":"Notch","fr":"Cranté"}
20046406,{"en":"Notch","fr":"Cranté"}
20046408,{"en":"Notch","fr":"Cranté"}
20046415,{"en":"Notch","fr":"Cranté"}
20046417,{"en":"Notch","fr":"Cranté"}
20046419,{"en":"Notch","fr":"Cranté"}
20046453,{"en":"Notch","fr":"Cranté"}
20046454,{"en":"Notch","fr":"Cranté"}
20046455,{"en":"Notch","fr":"Cranté"}
20046518,{"en":"Notch","fr":"Cranté"}
20046519,{"en":"Notch","fr":"Cranté"}
20046946,{"en":"Notch","fr":"Cranté"}
20046947,{"en":"Notch","fr":"Cranté"}
20046948,{"en":"Notch","fr":"Cranté"}
20047087,{"en":"Notch","fr":"Cranté"}
20047089,{"en":"Notch","fr":"Cranté"}
20047090,{"en":"Notch","fr":"Cranté"}
2004739340,{"en":"Notch","fr":"Cranté"}
2004739317,{"en":"Notch","fr":"Cranté"}
20047432,{"en":"Notch","fr":"Cranté"}
20047433,{"en":"Notch","fr":"Cranté"}
20047438,{"en":"Notch","fr":"Cranté"}
20047440,{"en":"Notch","fr":"Cranté"}
20047441,{"en":"Notch","fr":"Cranté"}
20047442,{"en":"Notch","fr":"Cranté"}
20047443,{"en":"Notch","fr":"Cranté"}
20047444,{"en":"Notch","fr":"Cranté"}
20047445,{"en":"Notch","fr":"Cranté"}
20047449,{"en":"Notch","fr":"Cranté"}
20047451,{"en":"Notch","fr":"Cranté"}
20047453,{"en":"Notch","fr":"Cranté"}
20047455,{"en":"Notch","fr":"Cranté"}
20047456,{"en":"Notch","fr":"Cranté"}
20047457,{"en":"Notch","fr":"Cranté"}
20047458,{"en":"Notch","fr":"Cranté"}
2004745941,{"en":"Notch","fr":"Cranté"}
2004745917,{"en":"Notch","fr":"Cranté"}
20047508,{"en":"Notch","fr":"Cranté"}
20047509,{"en":"Notch","fr":"Cranté"}
20047510,{"en":"Notch","fr":"Cranté"}
20047511,{"en":"Notch","fr":"Cranté"}
20047513,{"en":"Notch","fr":"Cranté"}
20047514,{"en":"Notch","fr":"Cranté"}
20047515,{"en":"Notch","fr":"Cranté"}
20047516,{"en":"Notch","fr":"Cranté"}
20047517,{"en":"Notch","fr":"Cranté"}
20047518,{"en":"Notch","fr":"Cranté"}
20047519,{"en":"Notch","fr":"Cranté"}
20047520,{"en":"Notch","fr":"Cranté"}
20047522,{"en":"Notch","fr":"Cranté"}
20047540,{"en":"Notch","fr":"Cranté"}
20047541,{"en":"Notch","fr":"Cranté"}
20047542,{"en":"Notch","fr":"Cranté"}
20047543,{"en":"Notch","fr":"Cranté"}
20047544,{"en":"Notch","fr":"Cranté"}
20047545,{"en":"Notch","fr":"Cranté"}
20047546,{"en":"Notch","fr":"Cranté"}
20047547,{"en":"Notch","fr":"Cranté"}
20047549,{"en":"Notch","fr":"Cranté"}
20047550,{"en":"Notch","fr":"Cranté"}
20047551,{"en":"Notch","fr":"Cranté"}
20047552,{"en":"Notch","fr":"Cranté"}
20047553,{"en":"Notch","fr":"Cranté"}
20047554,{"en":"Notch","fr":"Cranté"}
20047555,{"en":"Notch","fr":"Cranté"}
20047556,{"en":"Notch","fr":"Cranté"}
20047557,{"en":"Notch","fr":"Cranté"}
20047584,{"en":"Notch","fr":"Cranté"}
20047639,{"en":"Notch","fr":"Cranté"}
20047671,{"en":"Notch","fr":"Cranté"}
20047672,{"en":"Notch","fr":"Cranté"}
20047677,{"en":"Notch","fr":"Cranté"}
20047678,{"en":"Notch","fr":"Cranté"}
20047679,{"en":"Notch","fr":"Cranté"}
20047680,{"en":"Notch","fr":"Cranté"}
2004768140,{"en":"Notch","fr":"Cranté"}
2004768117,{"en":"Notch","fr":"Cranté"}
20047682,{"en":"Notch","fr":"Cranté"}
20047697,{"en":"Notch","fr":"Cranté"}
20047698,{"en":"Notch","fr":"Cranté"}
20047699,{"en":"Notch","fr":"Cranté"}
20047700,{"en":"Notch","fr":"Cranté"}
20047701,{"en":"Notch","fr":"Cranté"}
20047702,{"en":"Notch","fr":"Cranté"}
20047703,{"en":"Notch","fr":"Cranté"}
20047708,{"en":"Notch","fr":"Cranté"}
20047708170,{"en":"Notch","fr":"Cranté"}
20047712,{"en":"Notch","fr":"Cranté"}
20047713,{"en":"Notch","fr":"Cranté"}
20047714,{"en":"Notch","fr":"Cranté"}
20047715,{"en":"Notch","fr":"Cranté"}
20047719,{"en":"Notch","fr":"Cranté"}
20047720,{"en":"Notch","fr":"Cranté"}
20047930,{"en":"Notch","fr":"Cranté"}
20047964,{"en":"Notch","fr":"Cranté"}
20047966,{"en":null,"fr":null}
20047967,{"en":null,"fr":null}
20047970,{"en":"Notch","fr":"Cranté"}
20047999,{"en":null,"fr":null}
20048026,{"en":"Notch","fr":"Cranté"}
20048073,{"en":"Notch","fr":"Cranté"}
20048152,{"en":"Notch","fr":"Cranté"}
20048169,{"en":"Notch","fr":"Cranté"}
20048403,{"en":"Notch","fr":"Cranté"}
20048494,{"en":"Notch","fr":"Cranté"}
20048503,{"en":"Notch","fr":"Cranté"}
20048510,{"en":"Notch","fr":"Cranté"}
20048511,{"en":"Notch","fr":"Cranté"}
20048548,{"en":"Notch","fr":"Cranté"}
20048552,{"en":"Notch","fr":"Cranté"}
20048556,{"en":"Notch","fr":"Cranté"}
20048557,{"en":"Notch","fr":"Cranté"}
2004866117,{"en":"Notch","fr":"Cranté"}
2004866142,{"en":"Notch","fr":"Cranté"}
20048662,{"en":"Notch","fr":"Cranté"}
20048790,{"en":"Notch","fr":"Cranté"}
20048797,{"en":"Notch","fr":"Cranté"}
20048799,{"en":"Notch","fr":"Cranté"}
20048802,{"en":"Notch","fr":"Cranté"}
20048805,{"en":"Notch","fr":"Cranté"}
20048939,{"en":"Notch","fr":"Cranté"}
20048995,{"en":"Notch","fr":"Cranté"}
20048996,{"en":"Notch","fr":"Cranté"}
20048997,{"en":"Notch","fr":"Cranté"}
20048998,{"en":"Notch","fr":"Cranté"}
20049000,{"en":"Notch","fr":"Cranté"}
20049001,{"en":"Notch","fr":"Cranté"}
20049003,{"en":"Notch","fr":"Cranté"}
20049004,{"en":"Notch","fr":"Cranté"}
20049005,{"en":"Notch","fr":"Cranté"}
20049022,{"en":"Notch","fr":"Cranté"}
20049033,{"en":"Notch","fr":"Cranté"}
20049176,{"en":"Notch","fr":"Cranté"}
20049250,{"en":"Notch","fr":"Cranté"}
20049257,{"en":"Notch","fr":"Cranté"}
20049260,{"en":"Notch","fr":"Cranté"}
20049272,{"en":"Notch","fr":"Cranté"}
20049367,{"en":"Notch","fr":"Cranté"}
20049474,{"en":"Notch","fr":"Cranté"}
20049477,{"en":"Notch","fr":"Cranté"}
20049483,{"en":"Notch","fr":"Cranté"}
20049484,{"en":"Notch","fr":"Cranté"}
20049485,{"en":"Notch","fr":"Cranté"}
20049642,{"en":"Notch","fr":"Cranté"}
20049643,{"en":"Notch","fr":"Cranté"}
20049644,{"en":"Notch","fr":"Cranté"}
20049645,{"en":"Notch","fr":"Cranté"}
20049646,{"en":"Notch","fr":"Cranté"}
20049647,{"en":"Notch","fr":"Cranté"}
20049648,{"en":"Notch","fr":"Cranté"}
20049843,{"en":"Notch","fr":"Cranté"}
20049855,{"en":"Notch","fr":"Cranté"}
20049878,{"en":"Notch","fr":"Cranté"}
20049879,{"en":"Notch","fr":"Cranté"}
20049880,{"en":"Notch","fr":"Cranté"}
20049882,{"en":"Notch","fr":"Cranté"}
20049886,{"en":"Notch","fr":"Cranté"}
20049887,{"en":"Notch","fr":"Cranté"}
20049888,{"en":null,"fr":null}
20049889,{"en":"Notch","fr":"Cranté"}
20049890,{"en":null,"fr":null}
20049891,{"en":"Notch","fr":"Cranté"}
20049893,{"en":"Notch","fr":"Cranté"}
20049894,{"en":"Notch","fr":"Cranté"}
20049895,{"en":"Notch","fr":"Cranté"}
20049896,{"en":"Notch","fr":"Cranté"}
20049897,{"en":"Notch","fr":"Cranté"}
20049901,{"en":"Notch","fr":"Cranté"}
20049913,{"en":"Notch","fr":"Cranté"}
20049914,{"en":"Notch","fr":"Cranté"}
20049915,{"en":"Notch","fr":"Cranté"}
20049916,{"en":"Notch","fr":"Cranté"}
20049917,{"en":"Notch","fr":"Cranté"}
20049918,{"en":"Notch","fr":"Cranté"}
20049919,{"en":"Notch","fr":"Cranté"}
20049920,{"en":"Notch","fr":"Cranté"}
20049921,{"en":"Notch","fr":"Cranté"}
20050006,{"en":null,"fr":null}
20050007,{"en":null,"fr":null}
20050008,{"en":"Notch","fr":"Cranté"}
20050009,{"en":"Notch","fr":"Cranté"}
20050010,{"en":"Notch","fr":"Cranté"}
20050011,{"en":"Notch","fr":"Cranté"}
20050012,{"en":"Notch","fr":"Cranté"}
20050013,{"en":"Notch","fr":"Cranté"}
20050014,{"en":"Notch","fr":"Cranté"}
20050082,{"en":"Notch","fr":"Cranté"}
20050083,{"en":"Notch","fr":"Cranté"}
20050084,{"en":"Notch","fr":"Cranté"}
2005008560,{"en":"Notch","fr":"Cranté"}
2005008540,{"en":"Notch","fr":"Cranté"}
20050086,{"en":"Notch","fr":"Cranté"}
20050087,{"en":"Notch","fr":"Cranté"}
20050133,{"en":null,"fr":null}
20050134,{"en":null,"fr":null}
20050136,{"en":null,"fr":null}
20050137,{"en":null,"fr":null}
20050138,{"en":null,"fr":null}
20050139,{"en":null,"fr":null}
20050347,{"en":"Notch","fr":"Cranté"}
20050348,{"en":"Notch","fr":"Cranté"}
20050349,{"en":"Notch","fr":"Cranté"}
20050350,{"en":"Notch","fr":"Cranté"}
20050405,{"en":null,"fr":null}
20050408,{"en":"Notch","fr":"Cranté"}
20050409,{"en":"Notch","fr":"Cranté"}
20050410,{"en":"Notch","fr":"Cranté"}
20050411,{"en":"Notch","fr":"Cranté"}
20050412,{"en":"Notch","fr":"Cranté"}
20050413,{"en":"Notch","fr":"Cranté"}
20050414,{"en":"Notch","fr":"Cranté"}
20050415,{"en":null,"fr":null}
20050416,{"en":null,"fr":null}
20050417,{"en":null,"fr":null}
20050418,{"en":null,"fr":null}
20050474,{"en":"Notch","fr":"Cranté"}
20050521,{"en":"Notch","fr":"Cranté"}
20050524,{"en":"Notch","fr":"Cranté"}
20050554,{"en":"Notch","fr":"Cranté"}
20050561,{"en":"Notch","fr":"Cranté"}
20050562,{"en":"Notch","fr":"Cranté"}
20050593,{"en":"Notch","fr":"Cranté"}
20050594,{"en":"Notch","fr":"Cranté"}
20050632,{"en":"Notch","fr":"Cranté"}
20050633,{"en":"Notch","fr":"Cranté"}
20050634,{"en":"Notch","fr":"Cranté"}
20050635,{"en":"Notch","fr":"Cranté"}
20050637,{"en":"Notch","fr":"Cranté"}
20050638,{"en":"Notch","fr":"Cranté"}
20050830,{"en":"Notch","fr":"Cranté"}
20050831,{"en":"Notch","fr":"Cranté"}
20050833,{"en":"Notch","fr":"Cranté"}
20050834,{"en":"Notch","fr":"Cranté"}
20050859,{"en":null,"fr":null}
20050860,{"en":null,"fr":null}
20050861,{"en":"Notch","fr":"Cranté"}
20050864,{"en":null,"fr":null}
20050865,{"en":"Notch","fr":"Cranté"}
20050866,{"en":"Notch","fr":"Cranté"}
20050870,{"en":null,"fr":null}
20050871,{"en":null,"fr":null}
20050872,{"en":null,"fr":null}
20050873,{"en":null,"fr":null}
20050874,{"en":"Notch","fr":"Cranté"}
20050875,{"en":"Notch","fr":"Cranté"}
20050893,{"en":"Notch","fr":"Cranté"}
20050894,{"en":null,"fr":null}
20050913,{"en":"Notch","fr":"Cranté"}
20050914,{"en":"Notch","fr":"Cranté"}
20050915,{"en":null,"fr":null}
20050916,{"en":"Notch","fr":"Cranté"}
20050917,{"en":"Notch","fr":"Cranté"}
20050918,{"en":"Notch","fr":"Cranté"}
20050923,{"en":"Notch","fr":"Cranté"}
20050924,{"en":"Notch","fr":"Cranté"}
20050926,{"en":"Notch","fr":"Cranté"}
20050927,{"en":"Notch","fr":"Cranté"}
20050928,{"en":"Notch","fr":"Cranté"}
20050929,{"en":"Notch","fr":"Cranté"}
20050930,{"en":"Notch","fr":"Cranté"}
20051334,{"en":"Notch","fr":"Cranté"}
20051335,{"en":"Notch","fr":"Cranté"}
20051336,{"en":"Notch","fr":"Cranté"}
20051337,{"en":"Notch","fr":"Cranté"}
20051338,{"en":"Notch","fr":"Cranté"}
20051339,{"en":"Notch","fr":"Cranté"}
20051340,{"en":"Notch","fr":"Cranté"}
20051344,{"en":"Notch","fr":"Cranté"}
20051537,{"en":"Notch","fr":"Cranté"}
20051671,{"en":"Notch","fr":"Cranté"}
20051673,{"en":"Notch","fr":"Cranté"}
20051738,{"en":null,"fr":null}
20051740,{"en":null,"fr":null}
20051762,{"en":"Notch","fr":"Cranté"}
20051887,{"en":"Notch","fr":"Cranté"}
20051995,{"en":"Notch","fr":"Cranté"}
20051996,{"en":"Notch","fr":"Cranté"}
20052256,{"en":"Notch","fr":"Cranté"}
20052258,{"en":"Notch","fr":"Cranté"}
20052510,{"en":"Notch","fr":"Cranté"}
20052511,{"en":"Notch","fr":"Cranté"}
2005252117,{"en":"Notch","fr":"Cranté"}
2005252115,{"en":"Notch","fr":"Cranté"}
20052523,{"en":"Notch","fr":"Cranté"}
20052543,{"en":"Notch","fr":"Cranté"}
20052544,{"en":null,"fr":null}
20052545,{"en":"Notch","fr":"Cranté"}
20052546,{"en":null,"fr":null}
20052547,{"en":"Notch","fr":"Cranté"}
20052574,{"en":"Notch","fr":"Cranté"}
20052575,{"en":"Notch","fr":"Cranté"}
20052576,{"en":"Notch","fr":"Cranté"}
20052577,{"en":"Notch","fr":"Cranté"}
20052578,{"en":"Notch","fr":"Cranté"}
20052579,{"en":"Notch","fr":"Cranté"}
20052580,{"en":"Notch","fr":"Cranté"}
20052636,{"en":null,"fr":null}
20052804,{"en":"Notch","fr":"Cranté"}
20052805,{"en":"Notch","fr":"Cranté"}
20052806,{"en":"Notch","fr":"Cranté"}
20052807,{"en":"Notch","fr":"Cranté"}
20053006,{"en":null,"fr":null}
20053007,{"en":null,"fr":null}
20053137,{"en":"Notch","fr":"Cranté"}
20053141,{"en":null,"fr":null}
20053144,{"en":"Notch","fr":"Cranté"}
20053146,{"en":"Notch","fr":"Cranté"}
20053197,{"en":null,"fr":null}
20053287,{"en":"Notch","fr":"Cranté"}
20053338,{"en":"Notch","fr":"Cranté"}
20053386,{"en":null,"fr":null}
20053387,{"en":null,"fr":null}
20053393,{"en":null,"fr":null}
20053483,{"en":"Notch","fr":"Cranté"}
20053536,{"en":"Notch","fr":"Cranté"}
20053537,{"en":null,"fr":null}
20053538,{"en":"Notch","fr":"Cranté"}
20053539,{"en":null,"fr":null}
20053540,{"en":null,"fr":null}
20053541,{"en":null,"fr":null}
20053542,{"en":"Notch","fr":"Cranté"}
20053544,{"en":"Notch","fr":"Cranté"}
20053545,{"en":null,"fr":null}
20053546,{"en":"Notch","fr":"Cranté"}
20053547,{"en":"Notch","fr":"Cranté"}
20053548,{"en":null,"fr":null}
20053549,{"en":null,"fr":null}
20053550,{"en":null,"fr":null}
20053551,{"en":null,"fr":null}
20053552,{"en":null,"fr":null}
20053553,{"en":null,"fr":null}
20053556,{"en":"Notch","fr":"Cranté"}
20053559,{"en":"Notch","fr":"Cranté"}
20053562,{"en":"Notch","fr":"Cranté"}
20053563,{"en":null,"fr":null}
2005356440,{"en":"Notch","fr":"Cranté"}
2005356417,{"en":"Notch","fr":"Cranté"}
20053565,{"en":null,"fr":null}
2005356715,{"en":"Notch","fr":"Cranté"}
2005356740,{"en":"Notch","fr":"Cranté"}
20053568,{"en":null,"fr":null}
20053569,{"en":null,"fr":null}
20053570,{"en":"Notch","fr":"Cranté"}
20053571,{"en":null,"fr":null}
20053573,{"en":null,"fr":null}
20053574,{"en":null,"fr":null}
20053594,{"en":"Notch","fr":"Cranté"}
20053608,{"en":"Notch","fr":"Cranté"}
20053624,{"en":null,"fr":null}
20053655,{"en":null,"fr":null}
20053656,{"en":"Notch","fr":"Cranté"}
20053658,{"en":null,"fr":null}
20053674,{"en":null,"fr":null}
20053675,{"en":null,"fr":null}
20053681,{"en":"Notch","fr":"Cranté"}
20053686,{"en":null,"fr":null}
20053687,{"en":null,"fr":null}
20053731,{"en":"Notch","fr":"Cranté"}
20053733,{"en":"Notch","fr":"Cranté"}
20053734,{"en":null,"fr":null}
20053735,{"en":"Notch","fr":"Cranté"}
20053736,{"en":"Notch","fr":"Cranté"}
20053738,{"en":"Notch","fr":"Cranté"}
20053739,{"en":"Notch","fr":"Cranté"}
20053740,{"en":null,"fr":null}
20053741,{"en":"Notch","fr":"Cranté"}
20053743,{"en":"Notch","fr":"Cranté"}
20053749,{"en":null,"fr":null}
20053753,{"en":null,"fr":null}
20053754,{"en":"Notch","fr":"Cranté"}
20054094,{"en":"Notch","fr":"Cranté"}
20054095,{"en":"Notch","fr":"Cranté"}
20054096,{"en":"Notch","fr":"Cranté"}
20054097,{"en":"Notch","fr":"Cranté"}
20054099,{"en":"Notch","fr":"Cranté"}
20054100,{"en":"Notch","fr":"Cranté"}
20054102,{"en":"Notch","fr":"Cranté"}
20054314,{"en":null,"fr":null}
20054315,{"en":null,"fr":null}
20054316,{"en":"Notch","fr":"Cranté"}
20054317,{"en":null,"fr":null}
20054318,{"en":null,"fr":null}
20054367,{"en":null,"fr":null}
20054368,{"en":"Notch","fr":"Cranté"}
20054369,{"en":null,"fr":null}
20054370,{"en":null,"fr":null}
20054371,{"en":null,"fr":null}
20054372,{"en":null,"fr":null}
20054373,{"en":null,"fr":null}
20054374,{"en":null,"fr":null}
20054376,{"en":"Notch","fr":"Cranté"}
20054377,{"en":null,"fr":null}
20054378,{"en":"Notch","fr":"Cranté"}
20054379,{"en":"Notch","fr":"Cranté"}
20054380,{"en":null,"fr":null}
20054381,{"en":"Notch","fr":"Cranté"}
20054382,{"en":null,"fr":null}
20054440,{"en":null,"fr":null}
20054441,{"en":null,"fr":null}
20054442,{"en":null,"fr":null}
20054554,{"en":"Notch","fr":"Cranté"}
20054555,{"en":"Notch","fr":"Cranté"}
20054557,{"en":null,"fr":null}
20054558,{"en":"Notch","fr":"Cranté"}
20054559,{"en":null,"fr":null}
20054560,{"en":"Notch","fr":"Cranté"}
20054561,{"en":"Notch","fr":"Cranté"}
20054562,{"en":"Notch","fr":"Cranté"}
20054563,{"en":"Notch","fr":"Cranté"}
20054564,{"en":"Notch","fr":"Cranté"}
20054565,{"en":"Notch","fr":"Cranté"}
20054566,{"en":"Notch","fr":"Cranté"}
20054567,{"en":"Notch","fr":"Cranté"}
20054568,{"en":"Notch","fr":"Cranté"}
20054580,{"en":"Notch","fr":"Cranté"}
20054581,{"en":null,"fr":null}
20054582,{"en":"Notch","fr":"Cranté"}
20054583,{"en":null,"fr":null}
20054584,{"en":"Notch","fr":"Cranté"}
20054585,{"en":null,"fr":null}
20054586,{"en":"Notch","fr":"Cranté"}
20054587,{"en":"Notch","fr":"Cranté"}
20054589,{"en":"Notch","fr":"Cranté"}
20054697,{"en":null,"fr":null}
20054698,{"en":null,"fr":null}
20054834,{"en":"Notch","fr":"Cranté"}
20055084,{"en":null,"fr":null}
20055088,{"en":null,"fr":null}
20055091,{"en":null,"fr":null}
20055092,{"en":null,"fr":null}
20055093,{"en":"Notch","fr":"Cranté"}
20055349,{"en":null,"fr":null}
20055350,{"en":"Notch","fr":"Cranté"}
20055355,{"en":"Notch","fr":"Cranté"}
20055356,{"en":"Notch","fr":"Cranté"}
2005570117,{"en":"Notch","fr":"Cranté"}
2005570141,{"en":"Notch","fr":"Cranté"}
20055710,{"en":"Notch","fr":"Cranté"}
2005571125,{"en":"Notch","fr":"Cranté"}
2005571144,{"en":"Notch","fr":"Cranté"}
20055713,{"en":null,"fr":null}
20055714,{"en":"Notch","fr":"Cranté"}
20055717,{"en":null,"fr":null}
20055718,{"en":"Notch","fr":"Cranté"}
20055724,{"en":null,"fr":null}
20055725,{"en":null,"fr":null}
20055726,{"en":"Notch","fr":"Cranté"}
20055727,{"en":"Notch","fr":"Cranté"}
20055734,{"en":"Notch","fr":"Cranté"}
20055778,{"en":"Notch","fr":"Cranté"}
20055779,{"en":null,"fr":null}
20055780,{"en":"Notch","fr":"Cranté"}
20055793,{"en":"Notch","fr":"Cranté"}
20055795,{"en":"Notch","fr":"Cranté"}
20055798,{"en":null,"fr":null}
20055799,{"en":null,"fr":null}
20055801,{"en":"Notch","fr":"Cranté"}
20055802,{"en":"Notch","fr":"Cranté"}
20055803,{"en":"Notch","fr":"Cranté"}
20055868,{"en":"Notch","fr":"Cranté"}
20055869,{"en":null,"fr":null}
20055883,{"en":"Notch","fr":"Cranté"}
20055885,{"en":"Notch","fr":"Cranté"}
20055887,{"en":"Notch","fr":"Cranté"}
20055888,{"en":"Notch","fr":"Cranté"}
20055901,{"en":"Notch","fr":"Cranté"}
20056010,{"en":null,"fr":null}
20056146,{"en":null,"fr":null}
20056147,{"en":"Notch","fr":"Cranté"}
20056598,{"en":"Notch","fr":"Cranté"}
20056600,{"en":"Notch","fr":"Cranté"}
20056601,{"en":null,"fr":null}
20056603,{"en":"Notch","fr":"Cranté"}
20056606,{"en":"Notch","fr":"Cranté"}
20056608,{"en":null,"fr":null}
20056635,{"en":"Notch","fr":"Cranté"}
20056666,{"en":null,"fr":null}
20056667,{"en":"Notch","fr":"Cranté"}
20056668,{"en":null,"fr":null}
20056669,{"en":null,"fr":null}
20056670,{"en":"Notch","fr":"Cranté"}
20056671,{"en":"Notch","fr":"Cranté"}
20056672,{"en":null,"fr":null}
20056699,{"en":null,"fr":null}
20056700,{"en":"Notch","fr":"Cranté"}
20056701,{"en":"Notch","fr":"Cranté"}
20056702,{"en":"Notch","fr":"Cranté"}
20056708,{"en":"Notch","fr":"Cranté"}
20056711,{"en":null,"fr":null}
20056712,{"en":"Notch","fr":"Cranté"}
20056719,{"en":"Notch","fr":"Cranté"}
20056756,{"en":null,"fr":null}
20056757,{"en":null,"fr":null}
20056758,{"en":"Notch","fr":"Cranté"}
20056759,{"en":"Notch","fr":"Cranté"}
20056760,{"en":null,"fr":null}
20056761,{"en":"Notch","fr":"Cranté"}
20056762,{"en":"Notch","fr":"Cranté"}
20056763,{"en":"Notch","fr":"Cranté"}
20056764,{"en":"Notch","fr":"Cranté"}
20056765,{"en":"Notch","fr":"Cranté"}
20056766,{"en":null,"fr":null}
20056768,{"en":"Notch","fr":"Cranté"}
20056771,{"en":"Notch","fr":"Cranté"}
20056776,{"en":"Notch","fr":"Cranté"}
20056781,{"en":"Notch","fr":"Cranté"}
20056782,{"en":"Notch","fr":"Cranté"}
20056783,{"en":"Notch","fr":"Cranté"}
20056800,{"en":"Notch","fr":"Cranté"}
20056801,{"en":"Notch","fr":"Cranté"}
20056802,{"en":"Notch","fr":"Cranté"}
20056803,{"en":"Notch","fr":"Cranté"}
20057635,{"en":null,"fr":null}
20058258,{"en":"Notch","fr":"Cranté"}
20058259,{"en":"Notch","fr":"Cranté"}
20058260,{"en":"Notch","fr":"Cranté"}
20058261,{"en":"Notch","fr":"Cranté"}
20058311,{"en":"Notch","fr":"Cranté"}
20058702,{"en":"Notch","fr":"Cranté"}
20058751,{"en":"Notch","fr":"Cranté"}
20058752,{"en":"Notch","fr":"Cranté"}
20058753,{"en":"Notch","fr":"Cranté"}
20058754,{"en":"Notch","fr":"Cranté"}
20058755,{"en":"Notch","fr":"Cranté"}
20058756,{"en":"Notch","fr":"Cranté"}
20058758,{"en":"Notch","fr":"Cranté"}
20058766,{"en":"Notch","fr":"Cranté"}
20058767,{"en":"Notch","fr":"Cranté"}
20058770,{"en":"Notch","fr":"Cranté"}
20058775,{"en":"Notch","fr":"Cranté"}
20058776,{"en":"Notch","fr":"Cranté"}
20058778,{"en":"Notch","fr":"Cranté"}
20058784,{"en":"Notch","fr":"Cranté"}
20058786,{"en":"Notch","fr":"Cranté"}
20058787,{"en":"Notch","fr":"Cranté"}
20058789,{"en":"Notch","fr":"Cranté"}
20058790,{"en":"Notch","fr":"Cranté"}
20058791,{"en":"Notch","fr":"Cranté"}
20058792,{"en":"Notch","fr":"Cranté"}
20058793,{"en":"Notch","fr":"Cranté"}
20058794,{"en":"Notch","fr":"Cranté"}
20058795,{"en":"Notch","fr":"Cranté"}
20059100,{"en":"Notch","fr":"Cranté"}
20059101,{"en":"Notch","fr":"Cranté"}
20059104,{"en":"Notch","fr":"Cranté"}
20059105,{"en":"Notch","fr":"Cranté"}
20059107,{"en":"Notch","fr":"Cranté"}
20059190,{"en":null,"fr":null}
20059191,{"en":null,"fr":null}
20059192,{"en":"Notch","fr":"Cranté"}
20059193,{"en":"Notch","fr":"Cranté"}
20059267,{"en":null,"fr":null}
20059268,{"en":null,"fr":null}
20059453,{"en":"Notch","fr":"Cranté"}
20059456,{"en":"Notch","fr":"Cranté"}
20059458,{"en":"Notch","fr":"Cranté"}
20059459,{"en":"Notch","fr":"Cranté"}
20059462,{"en":"Notch","fr":"Cranté"}
20059464,{"en":"Notch","fr":"Cranté"}
20060546153,{"en":"Notch","fr":"Cranté"}
20060550494,{"en":"Notch","fr":"Cranté"}
20060553402,{"en":"Notch","fr":"Cranté"}
20060554402,{"en":"Notch","fr":"Cranté"}
20060555402,{"en":"Notch","fr":"Cranté"}
20060559652,{"en":"Notch","fr":"Cranté"}
22050597,{"en":"Notch","fr":"Cranté"}
22050635,{"en":"Notch","fr":"Cranté"}
22060016,{"en":"Notch","fr":"Cranté"}
22060017,{"en":"Notch","fr":"Cranté"}
22080470,{"en":"Notch","fr":"Cranté"}
22570023,{"en":"Notch","fr":"Cranté"}
28051220,{"en":"Notch","fr":"Cranté"}
28051222,{"en":"Notch","fr":"Cranté"}
28051248,{"en":"Notch","fr":"Cranté"}
28060020,{"en":"Notch","fr":"Cranté"}
28080483,{"en":"Notch","fr":"Cranté"}
28080494,{"en":"Notch","fr":"Cranté"}
28080522,{"en":"Notch","fr":"Cranté"}
20061848170,{"en":"Notch","fr":"Cranté"}
20061852614,{"en":"Notch","fr":"Cranté"}
20061853170,{"en":"Notch","fr":"Cranté"}
20061853171,{"en":"Notch","fr":"Cranté"}
20061854170,{"en":"Notch","fr":"Cranté"}
20061854426,{"en":"Notch","fr":"Cranté"}
20061855457,{"en":"Notch","fr":"Cranté"}
20061859604,{"en":"Notch","fr":"Cranté"}
20061860151,{"en":"Notch","fr":"Cranté"}
20061861151,{"en":"Notch","fr":"Cranté"}
20061879457,{"en":"Notch","fr":"Cranté"}
20061880443,{"en":"Notch","fr":"Cranté"}
20061884426,{"en":"Notch","fr":"Cranté"}
20061887443,{"en":"Notch","fr":"Cranté"}
20061888170,{"en":"Notch","fr":"Cranté"}
20061894414,{"en":"Notch","fr":"Cranté"}
34050457,{"en":"Notch","fr":"Cranté"}
34050459,{"en":"Notch","fr":"Cranté"}
34080013,{"en":"Notch","fr":"Cranté"}
34080143,{"en":"Notch","fr":"Cranté"}
34080148,{"en":"Notch","fr":"Cranté"}
34080150,{"en":"Notch","fr":"Cranté"}
34080151,{"en":"Notch","fr":"Cranté"}
34080162,{"en":"Notch","fr":"Cranté"}
34080164,{"en":"Notch","fr":"Cranté"}
34080165,{"en":"Notch","fr":"Cranté"}
34080167,{"en":"Notch","fr":"Cranté"}
34080450,{"en":"Notch","fr":"Cranté"}
34080451,{"en":"Notch","fr":"Cranté"}
34080454,{"en":"Notch","fr":"Cranté"}
34080455,{"en":"Notch","fr":"Cranté"}
34080459,{"en":"Notch","fr":"Cranté"}
41570049,{"en":"Notch","fr":"Cranté"}
41570115,{"en":"Notch","fr":"Cranté"}
45080144,{"en":"Notch","fr":"Cranté"}
45080167,{"en":"Notch","fr":"Cranté"}
48050062,{"en":"Notch","fr":"Cranté"}
48052550,{"en":"Notch","fr":"Cranté"}
48052551,{"en":"Notch","fr":"Cranté"}
48052552,{"en":"Notch","fr":"Cranté"}
48550024,{"en":"Notch","fr":"Cranté"}
48570034,{"en":"Notch","fr":"Cranté"}
48573001,{"en":"Notch","fr":"Cranté"}
48573002,{"en":"Notch","fr":"Cranté"}
48573003,{"en":"Notch","fr":"Cranté"}
51570025,{"en":"Notch","fr":"Cranté"}
53050199,{"en":"Notch","fr":"Cranté"}
53050342,{"en":"Notch","fr":"Cranté"}
53050343,{"en":"Notch","fr":"Cranté"}
53080354,{"en":"Notch","fr":"Cranté"}
53570172,{"en":"Notch","fr":"Cranté"}
53570176,{"en":"Notch","fr":"Cranté"}
53570179,{"en":"Notch","fr":"Cranté"}
53570181,{"en":"Notch","fr":"Cranté"}
53570196,{"en":"Notch","fr":"Cranté"}
53570257,{"en":"Notch","fr":"Cranté"}
53570269,{"en":"Notch","fr":"Cranté"}
53570277,{"en":"Notch","fr":"Cranté"}
53570280,{"en":"Notch","fr":"Cranté"}
53570383,{"en":"Notch","fr":"Cranté"}
53570406,{"en":"Notch","fr":"Cranté"}
53570409,{"en":"Notch","fr":"Cranté"}
53570459,{"en":"Notch","fr":"Cranté"}
56050220,{"en":"Notch","fr":"Cranté"}
56050222,{"en":"Notch","fr":"Cranté"}
56050223,{"en":"Notch","fr":"Cranté"}
56050224,{"en":"Notch","fr":"Cranté"}
56050225,{"en":"Notch","fr":"Cranté"}
56050226,{"en":"Notch","fr":"Cranté"}
56050229,{"en":"Notch","fr":"Cranté"}
56050232,{"en":"Notch","fr":"Cranté"}
56060149,{"en":"Notch","fr":"Cranté"}
58060013,{"en":"Notch","fr":"Cranté"}
60080081,{"en":"Notch","fr":"Cranté"}
60080083,{"en":"Notch","fr":"Cranté"}
60080084,{"en":"Notch","fr":"Cranté"}
60080087,{"en":"Notch","fr":"Cranté"}
60080093,{"en":"Notch","fr":"Cranté"}
60080116,{"en":"Notch","fr":"Cranté"}
61050125,{"en":"Notch","fr":"Cranté"}
61570021,{"en":"Notch","fr":"Cranté"}
61570027,{"en":"Notch","fr":"Cranté"}
65051657,{"en":"Notch","fr":"Cranté"}
65051768,{"en":"Notch","fr":"Cranté"}
65058713,{"en":"Notch","fr":"Cranté"}
65058719,{"en":null,"fr":null}
65080663,{"en":"Notch","fr":"Cranté"}
65080779,{"en":"Notch","fr":"Cranté"}
65570010,{"en":"Notch","fr":"Cranté"}
65570011,{"en":"Notch","fr":"Cranté"}
65570012,{"en":"Notch","fr":"Cranté"}
65570014,{"en":"Notch","fr":"Cranté"}
67570035,{"en":"Notch","fr":"Cranté"}
67570043,{"en":"Notch","fr":"Cranté"}
67570057,{"en":"Notch","fr":"Cranté"}
67570069,{"en":"Notch","fr":"Cranté"}
67570081,{"en":"Notch","fr":"Cranté"}
89570041,{"en":"Notch","fr":"Cranté"}
